{
    "$R^2$": 0.286081930018809,
    "RMSE": 8.79283823935762
}
