{
    "$R^2$": 0.826217164014555,
    "RMSE": 4.219578094455687
}
