{
    "$R^2$": 0.8106118930088376,
    "RMSE": 4.528780249489314
}
